日期,利率(%),涨跌(BP)
2017-12-29,5.6166,-32.1600
2017-12-28,5.9381,102.8100
2017-12-27,4.9100,-57.8200
2017-12-26,5.4882,32.8300
2017-12-25,5.1599,-42.3500
2017-12-22,5.5834,53.2000
2017-12-21,5.0514,33.0600
2017-12-20,4.7208,6.2500
2017-12-19,4.6583,55.8300
2017-12-18,4.1000,-74.2200
2017-12-15,4.8422,28.1200
2017-12-14,4.5610,-3.4300
2017-12-13,4.5953,-30.6000
2017-12-12,4.9013,73.9300
2017-12-11,4.1620,-42.4900
2017-12-08,4.5869,458.6900
2017-12-06,5.3256,57.4100
2017-12-05,4.7515,95.1500
2017-12-04,3.8000,-133.4800
2017-12-01,5.1348,109.4800
2017-11-30,4.0400,-3.0000
2017-11-29,4.0700,-53.0000
2017-11-28,4.6000,62.6400
2017-11-27,3.9736,-49.0100
2017-11-24,4.4638,27.0600
2017-11-23,4.1932,4.4700
2017-11-22,4.1484,4.8400
2017-11-21,4.1000,14.9200
2017-11-20,3.9508,-11.8600
2017-11-17,4.0693,5.6500
2017-11-16,4.0128,-36.8300
2017-11-15,4.3811,33.2100
2017-11-14,4.0490,2.4600
2017-11-13,4.0245,22.0000
2017-11-10,3.8044,-16.9500
2017-11-09,3.9739,-3.7700
2017-11-08,4.0116,-0.8100
2017-11-07,4.0197,11.9700
2017-11-06,3.9000,-42.3300
2017-11-03,4.3233,432.3300
2017-11-01,4.0784,5.1400
2017-10-31,4.0270,-3.4800
2017-10-30,4.0618,5.3000
2017-10-27,4.0087,-5.5600
2017-10-26,4.0643,-59.8000
2017-10-25,4.6624,59.2500
2017-10-24,4.0698,3.8300
2017-10-23,4.0315,1.0200
2017-10-20,4.0213,-7.2500
2017-10-19,4.0938,-5.4100
2017-10-18,4.1479,12.9300
2017-10-17,4.0186,-3.5400
2017-10-16,4.0539,5.6000
2017-10-13,3.9979,-22.1300
2017-10-12,4.2192,-1.1700
2017-10-11,4.2310,0.8400
2017-10-10,4.2226,-4.6300
2017-10-09,4.2689,-34.5400
2017-09-30,4.6143,21.9800
2017-09-29,4.3945,0.2500
2017-09-28,4.3920,22.0300
2017-09-27,4.1717,-50.2600
2017-09-26,4.6743,-21.2500
2017-09-25,4.8869,30.6200
2017-09-22,4.5806,55.5700
2017-09-21,4.0249,-99.6900
2017-09-20,5.0219,46.1400
2017-09-19,4.5604,50.8400
2017-09-18,4.0520,-74.8000
2017-09-15,4.8000,79.1700
2017-09-14,4.0083,-46.2100
2017-09-13,4.4704,-82.9600
2017-09-12,5.3000,97.4600
2017-09-11,4.3254,-27.4600
2017-09-08,4.6000,65.0000
2017-09-07,3.9500,31.0100
2017-09-06,3.6399,363.9900
2017-09-01,4.0465,-5.3500
2017-08-31,4.1000,-10.0000
2017-08-30,4.2000,30.0000
2017-08-29,3.9000,-67.1400
2017-08-28,4.5714,67.1400
2017-08-25,3.9000,-5.5800
2017-08-24,3.9558,-2.0400
2017-08-23,3.9763,17.4800
2017-08-22,3.8015,-19.8500
2017-08-21,4.0000,47.4800
2017-08-18,3.5252,-1.9500
2017-08-17,3.5447,-8.3400
2017-08-16,3.6281,-10.8000
2017-08-15,3.7360,2.5700
2017-08-14,3.7103,19.1700
2017-08-11,3.5186,-34.4100
2017-08-10,3.8627,0.1900
2017-08-09,3.8608,6.8400
2017-08-08,3.7925,24.9100
2017-08-07,3.5434,-32.0100
2017-08-04,3.8635,1.3500
2017-08-03,3.8500,-10.0000
2017-08-02,3.9500,395.0000
2017-07-31,3.9000,-67.4500
2017-07-28,4.5745,29.8600
2017-07-27,4.2759,31.1100
2017-07-26,3.9648,5.6000
2017-07-25,3.9088,-4.0400
2017-07-24,3.9492,-3.0800
2017-07-21,3.9800,19.9100
2017-07-20,3.7809,6.2900
2017-07-19,3.7180,-1.3300
2017-07-18,3.7313,-6.3500
2017-07-17,3.7948,-1.7000
2017-07-14,3.8118,-13.2800
2017-07-13,3.9446,-11.3600
2017-07-12,4.0582,13.3300
2017-07-11,3.9248,-0.3600
2017-07-10,3.9284,18.2000
2017-07-07,3.7464,-6.4900
2017-07-06,3.8113,-5.4500
2017-07-05,3.8659,386.5900
2017-07-03,4.0800,-70.4300
2017-06-30,4.7843,478.4300
2017-06-28,4.5000,450.0000
2017-06-26,4.5000,-8.5700
2017-06-23,4.5857,-6.5800
2017-06-22,4.6514,-8.0300
2017-06-21,4.7317,-63.3100
2017-06-20,5.3648,55.1500
2017-06-19,4.8133,-16.1400
2017-06-16,4.9748,15.1700
2017-06-15,4.8231,4.1300
2017-06-14,4.7818,-14.7700
2017-06-13,4.9295,-4.9100
2017-06-12,4.9786,-12.7800
2017-06-09,5.1064,10.6400
2017-06-08,5.0000,45.3500
2017-06-07,4.5465,-41.4800
2017-06-06,4.9613,35.1700
2017-06-05,4.6095,-47.3100
2017-06-02,5.0827,88.2700
2017-06-01,4.2000,5.0000
2017-05-31,4.1500,415.0000
2017-05-26,4.2033,420.3300
2017-05-24,3.8860,-26.5800
2017-05-23,4.1519,0.5400
2017-05-22,4.1465,-16.8400
2017-05-19,4.3148,19.0300
2017-05-18,4.1245,9.8400
2017-05-17,4.0261,-5.6200
2017-05-16,4.0823,0.4200
2017-05-15,4.0781,5.8500
2017-05-12,4.0196,-3.5800
2017-05-11,4.0554,-9.3100
2017-05-10,4.1485,8.4200
2017-05-09,4.0643,-16.6200
2017-05-08,4.2304,-6.9600
2017-05-05,4.3000,6.8200
2017-05-04,4.2318,7.0200
2017-05-03,4.1615,-3.9700
2017-05-02,4.2013,-12.7800
2017-04-28,4.3291,18.4600
2017-04-27,4.1445,13.0400
2017-04-26,4.0140,-8.9000
2017-04-25,4.1030,-23.9500
2017-04-24,4.3425,15.8400
2017-04-21,4.1841,16.0300
2017-04-20,4.0237,0.7100
2017-04-19,4.0167,-0.8900
2017-04-18,4.0256,-11.2100
2017-04-17,4.1376,11.2300
2017-04-14,4.0253,4.1600
2017-04-13,3.9837,-28.4300
2017-04-12,4.2680,24.2700
2017-04-11,4.0253,-4.0300
2017-04-10,4.0656,-23.4400
2017-04-07,4.3000,6.9000
2017-04-06,4.2310,-15.5600
2017-04-05,4.3867,78.6700
2017-04-01,3.6000,-95.5600
2017-03-31,4.5556,2.9100
2017-03-30,4.5264,50.9700
2017-03-29,4.0167,-33.0700
2017-03-28,4.3473,-23.3500
2017-03-27,4.5808,11.4700
2017-03-24,4.4661,1.9500
2017-03-23,4.4466,-26.7700
2017-03-22,4.7143,22.5200
2017-03-21,4.4892,17.7400
2017-03-20,4.3118,-14.4800
2017-03-17,4.4566,15.2900
2017-03-16,4.3037,-3.9000
2017-03-15,4.3427,-12.2800
2017-03-14,4.4655,14.9900
2017-03-13,4.3157,-13.7400
2017-03-10,4.4530,-2.3900
2017-03-09,4.4770,15.5300
2017-03-08,4.3217,11.2200
2017-03-07,4.2095,-6.4200
2017-03-06,4.2737,10.4000
2017-03-03,4.1698,6.9800
2017-03-02,4.1000,22.5100
2017-03-01,3.8749,-21.7400
2017-02-28,4.0923,-4.4200
2017-02-27,4.1365,-1.8100
2017-02-24,4.1545,-11.5700
2017-02-23,4.2702,11.2000
2017-02-22,4.1583,-7.8500
2017-02-21,4.2368,0.8200
2017-02-20,28.0000,3.0000
2017-02-17,28.0000,7.0000
2017-02-16,28.0000,4.0000
2017-02-15,28.0000,5.0000
2017-02-14,28.0000,4.0000
2017-02-13,28.0000,8.0000
2017-02-10,4.1332,-9.1800
2017-02-09,4.2250,30.0700
2017-02-08,3.9243,-13.6400
2017-02-07,4.0607,22.8400
2017-02-06,3.8323,28.2300
2017-02-04,3.5500,-20.5800
2017-02-03,3.7558,-8.7100
2017-01-26,3.8429,84.3600
2017-01-25,2.9992,-0.1300
2017-01-24,3.0006,-105.5700
2017-01-23,4.0563,34.9400
2017-01-22,3.7069,-12.8200
2017-01-20,3.8351,-88.5300
2017-01-19,4.7205,4.8400
2017-01-18,4.6720,73.2400
2017-01-17,3.9396,6.8200
2017-01-16,3.8714,22.0600
2017-01-13,3.6508,3.1900
2017-01-12,3.6189,0.4000
2017-01-11,3.6149,-17.6800
2017-01-10,3.7917,-29.7900
2017-01-09,4.0895,53.9600
2017-01-06,3.5500,-47.0500
2017-01-05,4.0205,21.3800
2017-01-04,3.8067,53.0700
2017-01-03,3.2760,327.6000
2016-12-30,3.6000,27.0000
2016-12-29,3.3300,-160.2100
2016-12-28,4.9321,33.2100
2016-12-27,4.6000,49.2900
2016-12-26,4.1071,410.7100
2016-12-22,4.9000,111.4800
2016-12-21,3.7852,14.7900
2016-12-20,3.6374,8.7400
2016-12-19,3.5500,-98.6200
2016-12-16,4.5362,93.2400
2016-12-15,3.6038,-34.4200
2016-12-14,3.9480,19.0500
2016-12-13,3.7575,21.4300
2016-12-12,3.5432,4.3200
2016-12-09,3.5000,-50.0900
2016-12-08,4.0009,0.4500
2016-12-07,3.9964,-18.4200
2016-12-06,4.1806,-1.9400
2016-12-05,4.2000,21.2500
2016-12-02,3.9875,398.7500
2016-11-30,3.4671,38.3900
2016-11-29,3.0832,-0.3500
2016-11-28,3.0867,29.5700
2016-11-25,2.7910,-43.4400
2016-11-24,3.2254,8.5400
2016-11-23,3.1400,-4.5200
2016-11-22,3.1852,-4.1800
2016-11-21,3.2270,24.5500
2016-11-18,2.9815,-3.7500
2016-11-17,3.0190,-6.6700
2016-11-16,3.0857,10.1200
2016-11-15,2.9845,-5.9200
2016-11-14,3.0438,4.0700
2016-11-11,3.0031,25.3100
2016-11-10,2.7500,-9.5000
2016-11-09,2.8450,-12.7000
2016-11-08,2.9720,-10.7000
2016-11-07,3.0790,6.2400
2016-11-04,3.0167,-6.3400
2016-11-03,3.0801,14.0700
2016-11-02,2.9394,16.1900
2016-11-01,2.7774,-46.7600
2016-10-31,3.2450,-19.2000
2016-10-28,3.4370,29.1100
2016-10-27,3.1459,-7.8200
2016-10-26,3.2241,23.4700
2016-10-25,2.9894,13.5000
2016-10-24,2.8544,-0.1300
2016-10-21,2.8557,-1.2900
2016-10-20,2.8686,0.4200
2016-10-19,2.8644,0.5400
2016-10-18,2.8590,-18.7100
2016-10-17,3.0462,7.6400
2016-10-14,2.9698,-9.3700
2016-10-13,3.0635,27.6500
2016-10-12,2.7870,2.0700
2016-10-11,2.7663,-7.8800
2016-10-10,2.8451,-37.9900
2016-10-09,3.2250,26.3700
2016-10-08,2.9613,-18.8700
2016-09-30,3.1500,25.5800
2016-09-29,2.8942,-15.1500
2016-09-28,3.0457,-13.4500
2016-09-27,3.1802,15.2200
2016-09-26,3.0281,-3.9800
2016-09-23,3.0678,1.8100
2016-09-22,3.0497,10.6500
2016-09-21,2.9432,3.8500
2016-09-20,2.9047,11.0900
2016-09-19,2.7938,-23.0900
2016-09-18,3.0247,7.1700
2016-09-14,2.9530,0.4100
2016-09-13,2.9489,-3.5400
2016-09-12,2.9843,-0.4500
2016-09-09,2.9888,15.2000
2016-09-08,2.8368,-7.5700
2016-09-07,2.9125,39.5800
2016-09-06,2.5167,-11.4900
2016-09-05,2.6316,-0.5000
2016-09-02,2.6366,-1.3400
2016-09-01,2.6500,-6.6700
2016-08-31,2.7167,2.0800
2016-08-30,2.6958,7.0000
2016-08-29,2.6258,7.1800
2016-08-26,2.5540,-43.5100
2016-08-25,2.9891,1.4800
2016-08-24,2.9743,13.1000
2016-08-23,2.8433,15.8600
2016-08-22,2.6847,-6.3400
2016-08-19,2.7481,-10.1900
2016-08-18,2.8500,5.0000
2016-08-17,2.8000,10.0000
2016-08-16,2.7000,15.1400
2016-08-15,2.5486,-8.0000
2016-08-12,2.6286,7.5600
2016-08-11,2.5529,-41.3400
2016-08-10,2.9663,13.3500
2016-08-09,2.8329,35.0500
2016-08-08,2.4823,-5.5200
2016-08-05,2.5375,-14.2100
2016-08-04,2.6796,-13.0400
2016-08-03,2.8100,281.0000
2016-08-01,2.7646,6.5300
2016-07-29,2.6993,-7.6300
2016-07-28,2.7756,-7.2900
2016-07-27,2.8485,2.3500
2016-07-26,2.8250,-24.1100
2016-07-25,3.0661,27.0600
2016-07-22,2.7955,-8.7400
2016-07-21,2.8829,3.7600
2016-07-20,2.8453,1.2700
2016-07-19,2.8326,-9.0000
2016-07-18,2.9226,-0.5000
2016-07-15,2.9276,20.2600
2016-07-14,2.7250,4.8800
2016-07-13,2.6762,-0.3100
2016-07-12,2.6792,0.7600
2016-07-11,2.6716,3.5100
2016-07-08,2.6366,-9.7100
2016-07-07,2.7337,-26.9500
2016-07-06,3.0032,30.1400
2016-07-05,2.7018,-18.4600
2016-07-04,2.8864,-1.3600
2016-07-01,2.9000,-31.8800
2016-06-30,3.2188,19.5800
2016-06-29,3.0230,-1.6300
2016-06-28,3.0393,0.9500
2016-06-27,3.0298,-1.2700
2016-06-24,3.0425,2.2600
2016-06-23,3.0199,8.4700
2016-06-22,2.9352,-18.5300
2016-06-21,3.1205,14.2800
2016-06-20,2.9776,17.4600
2016-06-17,2.8031,-41.9500
2016-06-16,3.2226,27.8800
2016-06-15,2.9438,11.0700
2016-06-14,2.8332,-6.8700
2016-06-13,2.9019,-20.7300
2016-06-12,3.1092,10.7900
2016-06-08,3.0013,13.9100
2016-06-07,2.8622,-22.0500
2016-06-06,3.0827,2.9500
2016-06-03,3.0532,5.3200
2016-06-02,3.0000,19.7600
2016-06-01,2.8024,-2.7300
2016-05-31,2.8297,15.7300
2016-05-30,2.6725,-14.2200
2016-05-27,2.8147,-11.9400
2016-05-26,2.9341,21.0100
2016-05-25,2.7239,12.3900
2016-05-24,2.6000,-30.2600
2016-05-23,2.9026,25.7300
2016-05-20,2.6452,-11.6800
2016-05-19,2.7621,15.0000
2016-05-18,2.6121,-5.3800
2016-05-17,2.6659,-13.0300
2016-05-16,2.7962,-11.0700
2016-05-13,2.9069,31.4900
2016-05-12,2.5920,-3.2100
2016-05-11,2.6241,-27.5900
2016-05-10,2.9000,30.9300
2016-05-09,2.5907,-17.1800
2016-05-06,2.7625,10.2500
2016-05-05,2.6600,-1.4000
2016-05-04,2.6740,-15.8300
2016-05-03,2.8323,-25.9300
2016-04-29,3.0917,2.2700
2016-04-28,3.0690,26.9000
2016-04-27,2.8000,-17.8600
2016-04-26,2.9786,-2.0300
2016-04-25,2.9989,3.5000
2016-04-22,2.9639,-4.3700
2016-04-21,3.0076,3.0700
2016-04-20,2.9769,12.1600
2016-04-19,2.8554,3.8000
2016-04-18,2.8173,-13.2200
2016-04-15,2.9495,2.5700
2016-04-14,2.9238,2.6000
2016-04-13,2.8977,8.0000
2016-04-12,2.8177,-7.8600
2016-04-11,2.8962,15.5400
2016-04-08,2.7408,-26.9900
2016-04-07,3.0107,12.5200
2016-04-06,2.8855,26.9900
2016-04-05,2.6156,-39.1900
2016-04-01,3.0075,-25.8900
2016-03-31,3.2664,69.4600
2016-03-30,2.5718,-20.3000
2016-03-29,2.7748,-44.6600
2016-03-28,3.2214,19.3400
2016-03-25,3.0281,-6.0100
2016-03-24,3.0882,1.7400
2016-03-23,3.0708,20.5200
2016-03-22,2.8656,-7.8200
2016-03-21,2.9439,8.9000
2016-03-18,2.8548,4.8200
2016-03-17,2.8067,-8.7000
2016-03-16,2.8937,-7.4000
2016-03-15,2.9676,6.7600
2016-03-14,2.9000,14.6900
2016-03-11,2.7531,-9.6900
2016-03-10,2.8500,2.4200
2016-03-09,2.8258,17.5800
2016-03-08,2.6500,-16.9500
2016-03-07,2.8195,13.9200
2016-03-04,2.6803,-21.9700
2016-03-03,2.9000,3.0000
2016-03-02,2.8700,7.0000
2016-03-01,2.8000,280.0000
2016-02-26,3.0300,14.7600
2016-02-25,2.8824,-12.5900
2016-02-24,3.0083,19.0400
2016-02-23,2.8179,-22.0300
2016-02-22,3.0382,21.2200
2016-02-19,2.8260,-3.4100
2016-02-18,2.8601,7.8200
2016-02-17,2.7820,-17.1700
2016-02-16,2.9536,-6.8500
2016-02-15,3.0221,6.8600
2016-02-14,2.9535,295.3500
2016-02-05,3.0509,-4.9100
2016-02-04,3.1000,-20.0000
2016-02-03,3.3000,0.0000
2016-02-02,3.3000,0.3300
2016-02-01,3.2967,-12.8000
2016-01-29,3.4246,-10.8000
2016-01-28,3.5326,12.0200
2016-01-27,3.4124,7.9400
2016-01-26,3.3330,-6.3500
2016-01-25,3.3965,15.3600
2016-01-22,3.2429,-21.6500
2016-01-21,3.4594,73.3700
2016-01-20,2.7257,-40.0800
2016-01-19,3.1265,16.9400
2016-01-18,2.9572,-0.9900
2016-01-15,2.9671,11.7100
2016-01-14,2.8500,-2.3700
2016-01-13,2.8737,0.4300
2016-01-12,2.8694,-13.2800
2016-01-11,3.0022,19.6700
2016-01-08,2.8056,-19.3900
2016-01-07,2.9995,299.9500
2016-01-05,3.0589,4.5000
2016-01-04,3.0138,-1.0200
2015-12-31,3.0241,0.1000
2015-12-30,3.0231,-93.4300
2015-12-29,3.9574,87.9700
2015-12-28,3.0777,-61.3700
2015-12-25,3.6914,40.2000
2015-12-24,3.2895,4.2500
2015-12-23,3.2470,-0.3900
2015-12-22,3.2509,17.8100
2015-12-21,3.0728,-1.3100
2015-12-18,3.0859,-18.3900
2015-12-17,3.2699,12.5400
2015-12-16,3.1445,-1.7500
2015-12-15,3.1620,35.2200
2015-12-14,2.8098,27.3700
2015-12-11,2.5361,-14.3600
2015-12-10,2.6797,-24.8100
2015-12-09,2.9279,22.4400
2015-12-08,2.7034,-3.3700
2015-12-07,2.7372,-1.1900
2015-12-04,2.7490,6.6800
2015-12-03,2.6822,1.7200
2015-12-02,2.6650,-10.9300
2015-12-01,2.7743,-6.2300
2015-11-30,2.8366,6.3100
2015-11-27,2.7735,-21.2200
2015-11-26,2.9857,-2.6800
2015-11-25,3.0125,24.2500
2015-11-24,2.7700,5.2500
2015-11-23,2.7175,-3.6100
2015-11-20,2.7536,-3.6600
2015-11-19,2.7903,-55.4700
2015-11-18,3.3450,65.8700
2015-11-17,2.6863,13.6500
2015-11-16,2.5498,-21.8900
2015-11-13,2.7686,10.4600
2015-11-12,2.6640,-5.5200
2015-11-11,2.7192,15.2600
2015-11-10,2.5667,-12.7000
2015-11-09,2.6936,10.4100
2015-11-06,2.5895,-17.6300
2015-11-05,2.7657,-20.3500
2015-11-04,2.9693,29.5000
2015-11-03,2.6742,-15.8000
2015-11-02,2.8323,19.1600
2015-10-30,2.6407,-35.9300
2015-10-29,3.0000,16.8300
2015-10-28,2.8317,-61.4100
2015-10-27,3.4458,40.8600
2015-10-26,3.0371,2.2800
2015-10-23,3.0143,-21.1300
2015-10-22,3.2257,12.5700
2015-10-21,3.1000,-28.8000
2015-10-20,3.3880,-32.2000
2015-10-19,3.7100,21.2700
2015-10-16,3.4973,32.1000
2015-10-15,3.1763,-0.5200
2015-10-14,3.1815,6.2700
2015-10-13,3.1188,-1.3000
2015-10-12,3.1317,-16.8300
2015-10-10,3.3000,23.0000
2015-10-09,3.0700,-7.7000
2015-10-08,3.1470,2.2400
2015-09-30,3.1246,-1.3100
2015-09-29,3.1377,-7.4800
2015-09-28,3.2125,6.0200
2015-09-25,3.1523,-6.7000
2015-09-24,3.2192,-11.1800
2015-09-23,3.3310,35.7300
2015-09-22,2.9737,-16.5600
2015-09-21,3.1393,-0.7000
2015-09-18,3.1463,0.6200
2015-09-17,3.1401,12.5500
2015-09-16,3.0146,-12.5900
2015-09-15,3.1405,-0.7500
2015-09-14,3.1480,9.8900
2015-09-11,3.0491,-12.0200
2015-09-10,3.1693,-9.7300
2015-09-09,3.2667,15.2100
2015-09-08,3.1146,-2.4700
2015-09-07,3.1393,-26.0700
2015-09-06,3.4000,-9.0400
2015-09-02,3.4904,42.0600
2015-09-01,3.0698,-11.9100
2015-08-31,3.1889,8.8500
2015-08-28,3.1004,-6.4800
2015-08-27,3.1652,9.9400
2015-08-26,3.0658,-5.0600
2015-08-25,3.1163,27.7600
2015-08-24,2.8388,-6.5800
2015-08-21,2.9046,7.6300
2015-08-20,2.8283,7.4800
2015-08-19,2.7535,0.4400
2015-08-18,2.7491,-2.4100
2015-08-17,2.7732,1.5000
2015-08-14,2.7582,3.0000
2015-08-13,2.7282,19.3200
2015-08-12,2.5351,-19.4500
2015-08-11,2.7296,-8.8000
2015-08-10,2.8176,0.0000
2015-08-07,2.8176,-15.2600
2015-08-06,2.9702,-3.6400
2015-08-05,3.0066,27.5200
2015-08-04,2.7314,9.5100
2015-08-03,2.6364,1.1400
2015-07-31,2.6250,-50.6700
2015-07-30,3.1317,15.2400
2015-07-29,2.9793,-45.8500
2015-07-28,3.4378,22.8600
2015-07-27,3.2092,9.8800
2015-07-24,3.1104,-22.2400
2015-07-23,3.3328,13.9800
2015-07-22,3.1930,16.5200
2015-07-21,3.0278,-14.0400
2015-07-20,3.1682,-27.3800
2015-07-17,3.4419,25.2500
2015-07-16,3.1895,-40.4100
2015-07-15,3.5935,42.0200
2015-07-13,3.2284,5.8700
2015-07-10,3.1697,-13.0300
2015-07-09,3.3000,-5.4800
2015-07-08,3.3548,-8.4000
2015-07-07,3.4388,-17.6100
2015-07-06,3.6149,10.7600
2015-07-03,3.5073,-22.3500
2015-07-02,3.7308,-11.7600
2015-07-01,3.8484,13.6600
2015-06-30,3.7118,-23.9100
2015-06-29,3.9509,-17.4300
2015-06-26,4.1252,-25.4700
2015-06-25,4.3799,7.0800
2015-06-24,4.3091,32.8100
2015-06-23,3.9810,-11.4900
2015-06-19,4.0959,41.2700
2015-06-18,3.6832,62.0600
2015-06-17,3.0626,-18.1800
2015-06-16,3.2443,-13.2600
2015-06-15,3.3769,-14.7600
2015-06-12,3.5245,46.5900
2015-06-11,3.0587,-3.1900
2015-06-10,3.0906,16.0000
2015-06-09,2.9305,15.4600
2015-06-08,2.7759,13.3600
2015-06-05,2.6423,4.2800
2015-06-04,2.5994,21.2400
2015-06-03,2.3870,0.1600
2015-06-02,2.3854,-8.1500
2015-06-01,2.4669,0.3500
2015-05-29,2.4634,-5.0000
2015-05-28,2.5134,21.6400
2015-05-27,2.2970,-5.1400
2015-05-26,2.3484,-62.8200
2015-05-25,2.9767,28.7700
2015-05-22,2.6890,20.4900
2015-05-21,2.4841,-7.6500
2015-05-20,2.5606,-11.9800
2015-05-19,2.6804,14.9400
2015-05-18,2.5310,-36.9800
2015-05-15,2.9008,-22.8700
2015-05-14,3.1295,-3.6000
2015-05-13,3.1654,-18.5200
2015-05-12,3.3507,20.8600
2015-05-11,3.1421,-38.2300
2015-05-08,3.5244,21.6700
2015-05-07,3.3077,-29.2300
2015-05-06,3.6000,25.3900
2015-05-05,3.3461,-20.3700
2015-05-04,3.5498,12.0800
2015-04-30,3.4290,-72.1000
2015-04-29,4.1500,61.7200
2015-04-28,3.5328,-6.1200
2015-04-27,3.5940,-43.4700
2015-04-24,4.0287,12.9600
2015-04-23,3.8991,-17.7500
2015-04-22,4.0767,-11.8900
2015-04-21,4.1956,-12.3900
2015-04-20,4.3195,-42.7700
2015-04-17,4.7472,40.2200
2015-04-16,4.3450,-17.0500
2015-04-15,4.5156,-4.3600
2015-04-14,4.5591,-9.2300
2015-04-13,4.6514,-3.8400
2015-04-10,4.6898,-11.0200
2015-04-09,4.8000,11.0100
2015-04-08,4.6899,-19.6100
2015-04-07,4.8859,-15.7600
2015-04-03,5.0435,-6.0100
2015-04-02,5.1036,-4.2700
2015-04-01,5.1463,-32.5900
2015-03-31,5.4722,39.9700
2015-03-30,5.0725,1.3400
2015-03-27,5.0591,-1.2300
2015-03-26,5.0714,5.5500
2015-03-25,5.0159,501.5900
2015-03-23,5.1000,2.8600
2015-03-20,5.0714,-35.4400
2015-03-19,5.4258,29.1300
2015-03-18,5.1345,11.0400
2015-03-17,5.0241,-16.4100
2015-03-16,5.1882,0.9900
2015-03-13,5.1783,11.0700
2015-03-12,5.0676,-24.3300
2015-03-11,5.3108,6.0800
2015-03-10,5.2500,-25.0000
2015-03-09,5.5000,-2.5500
2015-03-06,5.5255,21.7100
2015-03-05,5.3084,-8.4800
2015-03-04,5.3932,6.0300
2015-03-03,5.3329,12.1000
2015-03-02,5.2119,-23.8100
2015-02-28,5.4500,10.2600
2015-02-27,5.3474,15.6200
2015-02-26,5.1912,6.2400
2015-02-25,5.1289,-27.1100
2015-02-17,5.4000,-29.1700
2015-02-16,5.6917,-11.3300
2015-02-15,5.8050,50.1000
2015-02-13,5.3040,-43.4000
2015-02-12,5.7380,44.9500
2015-02-11,5.2885,9.6100
2015-02-10,5.1924,17.7500
2015-02-09,5.0149,501.4900
2015-02-05,5.0742,-94.3800
2015-02-04,6.0180,-7.1300
2015-02-03,6.0893,34.1500
2015-02-02,5.7478,574.7800
2015-01-29,5.3600,6.0000
2015-01-28,5.3000,22.3500
2015-01-27,5.0765,-9.8500
2015-01-26,5.1750,7.5400
2015-01-23,5.0996,509.9600
2015-01-20,5.1976,2.7600
2015-01-19,5.1700,14.3900
2015-01-16,5.0261,23.6100
2015-01-15,4.7900,-11.9100
2015-01-14,4.9091,-12.9000
2015-01-13,5.0381,52.2700
2015-01-12,4.5154,-42.3500
2015-01-09,4.9389,21.1500
2015-01-08,4.7274,-45.1500
2015-01-07,5.1789,-5.7800
2015-01-06,5.2367,13.6700
2015-01-05,5.1000,-17.1400
2015-01-04,5.2714,-61.5600
2014-12-31,5.8871,-59.9700
2014-12-30,6.4868,208.4500
2014-12-29,4.4023,-159.7700
2014-12-26,6.0000,-59.6600
2014-12-25,6.5966,-105.8600
2014-12-24,7.6552,92.6100
2014-12-23,6.7291,-53.5800
2014-12-22,7.2649,726.4900
2014-12-18,7.4063,85.8500
2014-12-17,6.5478,51.4400
2014-12-16,6.0333,23.5700
2014-12-15,5.7977,69.0200
2014-12-12,5.1074,-14.2600
2014-12-11,5.2501,-31.2600
2014-12-10,5.5627,101.8700
2014-12-09,4.5439,12.3000
2014-12-08,4.4209,-44.8900
2014-12-05,4.8698,63.9100
2014-12-04,4.2307,-15.9800
2014-12-03,4.3906,-0.9400
2014-12-02,4.4000,30.0000
2014-12-01,4.1000,-44.7100
2014-11-28,4.5471,-9.7300
2014-11-27,4.6444,-9.5600
2014-11-26,4.7400,1.1700
2014-11-25,4.7283,0.6800
2014-11-24,4.7215,-17.5500
2014-11-21,4.8970,50.0000
2014-11-20,4.3969,70.0700
2014-11-19,3.6963,-11.3500
2014-11-18,3.8098,-9.8700
2014-11-17,3.9084,-28.1600
2014-11-14,4.1900,62.3300
2014-11-13,3.5667,-55.2900
2014-11-12,4.1196,13.8800
2014-11-11,3.9808,-6.8800
2014-11-10,4.0496,9.3600
2014-11-07,3.9560,3.7900
2014-11-06,3.9181,-3.4600
2014-11-05,3.9526,7.0000
2014-11-04,3.8826,12.0100
2014-11-03,3.7625,-38.7500
2014-10-31,4.1500,19.9200
2014-10-30,3.9508,-2.6200
2014-10-29,3.9769,-1.1100
2014-10-28,3.9881,-7.0300
2014-10-27,4.0583,-39.9100
2014-10-24,4.4574,19.3100
2014-10-23,4.2643,26.1400
2014-10-22,4.0029,-6.1300
2014-10-21,4.0643,7.2200
2014-10-20,3.9921,19.2200
2014-10-17,3.8000,-4.8600
2014-10-16,3.8486,-1.8600
2014-10-15,3.8672,-40.2800
2014-10-14,4.2700,54.7400
2014-10-13,3.7226,-49.2400
2014-10-11,4.2150,50.4300
2014-10-10,3.7108,-45.7500
2014-10-09,4.1683,41.2600
2014-10-08,3.7557,-34.4300
2014-09-30,4.1000,-30.8100
2014-09-29,4.4081,13.0300
2014-09-28,4.2778,39.6800
2014-09-26,3.8810,-22.0100
2014-09-25,4.1011,11.9800
2014-09-24,3.9813,-81.7800
2014-09-23,4.7991,-2.3400
2014-09-22,4.8225,44.4500
2014-09-19,4.3780,-17.8700
2014-09-18,4.5567,-21.2900
2014-09-17,4.7696,20.6500
2014-09-16,4.5631,12.4000
2014-09-15,4.4391,-14.9700
2014-09-12,4.5888,33.5000
2014-09-11,4.2538,108.6700
2014-09-10,3.1671,-104.2900
2014-09-09,4.2100,-6.5000
2014-09-05,4.2750,4.5000
2014-09-04,4.2300,5.1400
2014-09-03,4.1786,89.3500
2014-09-02,3.2851,-100.7500
2014-09-01,4.2926,429.2600
2014-08-28,4.5667,6.6700
2014-08-27,4.5000,101.3100
2014-08-26,3.4869,-34.2800
2014-08-25,3.8297,7.5700
2014-08-22,3.7540,-57.7500
2014-08-21,4.3315,-20.3700
2014-08-20,4.5352,86.8300
2014-08-19,3.6669,-21.8900
2014-08-18,3.8858,-51.4200
2014-08-15,4.4000,8.8000
2014-08-14,4.3120,2.6000
2014-08-13,4.2860,14.5600
2014-08-12,4.1404,-7.7200
2014-08-11,4.2176,421.7600
2014-08-07,3.4997,349.9700
2014-08-06,3.9776,-8.6400
2014-08-05,4.0640,-5.7300
2014-08-04,4.1213,-8.8700
2014-08-01,4.2100,7.8800
2014-07-30,4.1312,-38.0600
2014-07-29,4.5118,14.1000
2014-07-28,4.3708,-22.9200
2014-07-25,4.6000,-80.0000
2014-07-24,5.4000,10.4500
2014-07-23,5.2955,14.0200
2014-07-22,5.1553,37.5600
2014-07-21,4.7797,-0.5000
2014-07-18,4.7847,-0.4200
2014-07-17,4.7889,66.0100
2014-07-16,4.1288,32.6700
2014-07-15,3.8021,-70.7900
2014-07-14,4.5100,37.6700
2014-07-11,4.1333,-4.7000
2014-07-10,4.1803,-1.9700
2014-07-09,4.2000,19.3300
2014-07-07,4.0067,-24.4500
2014-07-04,4.2512,-4.8800
2014-07-03,4.3000,130.0000
2014-07-02,3.0000,-200.9800
2014-06-30,5.0098,-21.8800
2014-06-27,5.2286,-1.3500
2014-06-26,5.2421,-70.7900
2014-06-25,5.9500,37.5000
2014-06-24,5.5750,3.3200
2014-06-23,5.5418,10.7300
2014-06-20,5.4345,192.2900
2014-06-19,3.5116,-131.4600
2014-06-18,4.8262,96.3700
2014-06-17,3.8625,-77.8900
2014-06-16,4.6414,-15.8600
2014-06-13,4.8000,-9.8300
2014-06-12,4.8983,52.3400
2014-06-11,4.3749,29.2700
2014-06-10,4.0822,-21.8200
2014-06-09,4.3004,59.6000
2014-06-06,3.7044,-31.6200
2014-06-05,4.0206,-6.4600
2014-06-04,4.0852,42.4600
2014-06-03,3.6606,-29.1700
2014-05-30,3.9523,55.9100
2014-05-29,3.3932,29.3200
2014-05-28,3.1000,-34.2100
2014-05-27,3.4421,-16.3200
2014-05-26,3.6053,-50.0100
2014-05-23,4.1054,-49.0800
2014-05-22,4.5962,32.4000
2014-05-21,4.2722,22.6200
2014-05-20,4.0460,21.6700
2014-05-19,3.8293,11.6800
2014-05-16,3.7125,-12.8600
2014-05-15,3.8411,60.0000
2014-05-14,3.2411,-67.8500
2014-05-13,3.9196,12.8200
2014-05-12,3.7914,-5.1500
2014-05-09,3.8429,-8.3000
2014-05-08,3.9259,14.8200
2014-05-07,3.7777,8.6800
2014-05-06,3.6909,-16.6300
2014-05-05,3.8572,-70.5900
2014-05-04,4.5631,70.9700
2014-04-30,3.8534,9.0300
2014-04-29,3.7631,-48.8700
2014-04-28,4.2518,-2.0800
2014-04-25,4.2726,128.1700
2014-04-24,2.9909,-43.8000
2014-04-23,3.4289,-31.8300
2014-04-22,3.7472,11.0900
2014-04-21,3.6363,-28.3700
2014-04-18,3.9200,1.8500
2014-04-17,3.9015,-22.6900
2014-04-16,4.1284,17.9600
2014-04-15,3.9488,65.1200
2014-04-14,3.2976,5.7600
2014-04-11,3.2400,-53.0100
2014-04-10,3.7701,-54.1000
2014-04-09,4.3111,90.0100
2014-04-08,3.4110,-78.0600
2014-04-04,4.1916,4.0800
2014-04-03,4.1508,-44.8800
2014-04-02,4.5996,-3.6600
2014-04-01,4.6362,136.0800
2014-03-31,3.2754,-125.1200
2014-03-28,4.5266,12.6600
2014-03-27,4.4000,-96.2000
2014-03-26,5.3620,60.6600
2014-03-25,4.7554,111.6900
2014-03-24,3.6385,-89.3600
2014-03-21,4.5321,-21.2600
2014-03-20,4.7447,0.4900
2014-03-19,4.7397,72.9100
2014-03-18,4.0106,-6.7700
2014-03-17,4.0784,18.2600
2014-03-14,3.8957,-21.6000
2014-03-13,4.1117,34.4100
2014-03-12,3.7676,19.1600
2014-03-11,3.5760,-5.1300
2014-03-10,3.6273,-45.0700
2014-03-07,4.0780,19.4500
2014-03-06,3.8835,-58.4400
2014-03-05,4.4678,15.7000
2014-03-04,4.3109,33.0300
2014-03-03,3.9806,-36.4000
2014-02-28,4.3446,-0.5400
2014-02-27,4.3500,20.0600
2014-02-26,4.1494,-81.2300
2014-02-25,4.9617,56.7500
2014-02-24,4.3942,19.4200
2014-02-21,4.2000,-125.0000
2014-02-20,5.4500,15.7100
2014-02-19,5.2929,-10.2500
2014-02-18,5.3953,-0.7500
2014-02-17,5.4028,-2.1600
2014-02-14,5.4244,18.9000
2014-02-13,5.2354,-34.0500
2014-02-12,5.5759,-31.7900
2014-02-11,5.8937,35.1700
2014-02-10,5.5420,-38.8800
2014-02-08,5.9308,135.9900
2014-02-07,4.5710,41.6200
2014-01-30,4.1547,-117.3000
2014-01-29,5.3278,-172.6300
2014-01-28,7.0540,85.1500
2014-01-27,6.2026,-87.6500
2014-01-26,7.0791,22.9700
2014-01-24,6.8494,181.1100
2014-01-23,5.0383,-42.1300
2014-01-22,5.4596,-206.9200
2014-01-21,7.5288,79.2300
2014-01-20,6.7365,-18.9900
2014-01-17,6.9264,16.2800
2014-01-16,6.7636,-12.7300
2014-01-15,6.8909,23.3500
2014-01-14,6.6574,79.7400
2014-01-13,5.8600,48.5700
2014-01-10,5.3743,-44.5700
2014-01-09,5.8200,-65.3800
2014-01-08,6.4738,73.1100
2014-01-07,5.7427,-6.5500
2014-01-06,5.8081,-46.4300
2014-01-03,6.2724,21.5400
2014-01-02,6.0571,66.4800
2013-12-31,5.3923,-9.6100
2013-12-30,5.4884,46.7700
2013-12-27,5.0207,-154.9300
2013-12-26,6.5700,-34.2300
2013-12-25,6.9123,157.5100
2013-12-24,5.3372,-349.9700
2013-12-23,8.8370,73.9600
2013-12-20,8.0974,189.1700
2013-12-19,6.2057,-68.6800
2013-12-18,6.8925,30.5400
2013-12-17,6.5871,63.5900
2013-12-16,5.9513,37.1300
2013-12-13,5.5800,32.5400
2013-12-12,5.2546,58.8300
2013-12-11,4.6663,-66.5100
2013-12-10,5.3314,24.3200
2013-12-09,5.0881,-1.1900
2013-12-06,5.1000,510.0000
2013-12-04,6.2000,-9.2500
2013-12-03,6.2925,2.4300
2013-12-02,6.2682,-7.0000
2013-11-29,6.3382,48.7600
2013-11-28,5.8506,-79.7000
2013-11-27,6.6476,-25.6900
2013-11-26,6.9045,101.2500
2013-11-25,5.8920,-61.7100
2013-11-22,6.5091,16.9400
2013-11-21,6.3397,-18.0300
2013-11-20,6.5200,66.4800
2013-11-19,5.8552,-58.2500
2013-11-18,6.4377,-5.2300
2013-11-15,6.4900,173.0900
2013-11-14,4.7591,-69.9200
2013-11-13,5.4583,31.0900
2013-11-12,5.1474,13.1000
2013-11-11,5.0165,-4.8200
2013-11-08,5.0647,4.0800
2013-11-07,5.0239,54.1700
2013-11-06,4.4822,-4.1400
2013-11-05,4.5236,-1.2800
2013-11-04,4.5364,23.6400
2013-11-01,4.3000,-41.3500
2013-10-31,4.7135,-89.1300
2013-10-30,5.6048,-52.0100
2013-10-29,6.1249,-40.4800
2013-10-28,6.5297,15.4500
2013-10-25,6.3752,64.4300
2013-10-24,5.7309,81.5200
2013-10-23,4.9157,-22.7300
2013-10-22,5.1430,45.3000
2013-10-21,4.6900,-1.6200
2013-10-18,4.7062,-0.4300
2013-10-17,4.7105,12.7700
2013-10-16,4.5828,12.6300
2013-10-15,4.4565,-45.6800
2013-10-14,4.9133,-38.6700
2013-10-12,5.3000,25.7400
2013-10-11,5.0426,1.0300
2013-10-10,5.0324,-5.5600
2013-10-09,5.0880,19.8900
2013-10-08,4.8891,6.3800
2013-09-30,4.8253,-67.1600
2013-09-29,5.4969,6.4200
2013-09-27,5.4327,-9.0500
2013-09-26,5.5231,-31.9400
2013-09-25,5.8425,15.7300
2013-09-24,5.6852,-22.1900
2013-09-23,5.9071,-14.0100
2013-09-22,6.0472,29.0700
2013-09-18,5.7564,3.1000
2013-09-17,5.7254,26.2900
2013-09-16,5.4625,21.4600
2013-09-13,5.2480,-104.2000
2013-09-12,6.2900,59.5000
2013-09-11,5.6950,120.9300
2013-09-10,4.4857,19.2000
2013-09-09,4.2937,-13.2800
2013-09-06,4.4265,-16.1500
2013-09-05,4.5880,11.8000
2013-09-04,4.4700,0.2000
2013-09-03,4.4680,-4.4000
2013-09-02,4.5119,27.3800
2013-08-30,4.2381,3.8100
2013-08-29,4.2000,-45.4000
2013-08-28,4.6540,15.4000
2013-08-27,4.5000,-49.7000
2013-08-26,4.9970,6.6900
2013-08-23,4.9300,-15.6800
2013-08-22,5.0869,3.6900
2013-08-21,5.0500,-20.7200
2013-08-20,5.2572,37.6300
2013-08-19,4.8809,34.1400
2013-08-16,4.5395,5.6600
2013-08-15,4.4829,-10.4100
2013-08-14,4.5871,2.4900
2013-08-13,4.5621,-19.1900
2013-08-12,4.7541,-4.5900
2013-08-09,4.8000,22.1400
2013-08-08,4.5786,457.8600
2013-08-06,4.5600,-32.7500
2013-08-05,4.8875,21.7800
2013-08-02,4.6697,-21.4800
2013-08-01,4.8845,-40.9100
2013-07-31,5.2936,-110.8900
2013-07-30,6.4025,7.6900
2013-07-29,6.3256,48.3000
2013-07-26,5.8426,22.7500
2013-07-25,5.6150,-7.9200
2013-07-24,5.6942,41.1900
2013-07-23,5.2824,33.8100
2013-07-22,4.9443,4.2400
2013-07-19,4.9019,30.1900
2013-07-18,4.6000,-6.8800
2013-07-17,4.6688,9.9500
2013-07-16,4.5693,14.8200
2013-07-15,4.4211,-26.2200
2013-07-12,4.6833,6.4800
2013-07-11,4.6185,31.1300
2013-07-10,4.3072,-9.7000
2013-07-09,4.4042,-34.7800
2013-07-08,4.7520,-4.8000
2013-07-05,4.8000,-38.0800
2013-07-04,5.1808,-1.9200
2013-07-03,5.2000,-65.6200
2013-07-02,5.8562,-95.4800
2013-07-01,6.8110,-10.0900
2013-06-28,6.9119,-164.4600
2013-06-27,8.5565,127.6500
2013-06-26,7.2800,-272.0000
2013-06-25,10.0000,298.4700
2013-06-24,7.0153,-473.9500
2013-06-21,11.7549,157.1600
2013-06-20,10.1833,217.2600
2013-06-19,8.0107,49.7400
2013-06-18,7.5133,14.6700
2013-06-17,7.3667,6.8800
2013-06-14,7.2978,21.9000
2013-06-13,7.0788,27.3800
2013-06-09,6.8050,14.0900
2013-06-08,6.6641,43.4200
2013-06-07,6.2299,107.9900
2013-06-06,5.1500,65.7100
2013-06-05,4.4929,12.0400
2013-06-04,4.3725,71.7800
2013-06-03,3.6547,365.4700
2013-05-30,3.7000,10.0000
2013-05-29,3.6000,360.0000
2013-05-24,4.5748,-0.1300
2013-05-23,4.5761,12.2700
2013-05-22,4.4534,-9.0400
2013-05-21,4.5438,0.2100
2013-05-20,4.5417,56.4500
2013-05-17,3.9772,51.7400
2013-05-16,3.4598,21.1400
2013-05-15,3.2484,-5.6100
2013-05-14,3.3046,-1.8400
2013-05-13,3.3230,9.2000
2013-05-10,3.2310,1.7100
2013-05-09,3.2139,-3.1400
2013-05-08,3.2454,-2.4600
2013-05-07,3.2700,21.5700
2013-05-06,3.0543,-13.6200
2013-05-03,3.1905,-10.2600
2013-05-02,3.2932,-14.7900
2013-04-28,3.4411,344.1100
2013-04-26,3.8435,-37.9900
2013-04-25,4.2234,-42.1200
2013-04-24,4.6447,36.9000
2013-04-23,4.2757,10.5500
2013-04-22,4.1701,54.8700
2013-04-19,3.6215,35.9700
2013-04-18,3.2618,-4.1400
2013-04-17,3.3032,16.2800
2013-04-16,3.1403,-5.5900
2013-04-15,3.1962,1.6900
2013-04-12,3.1793,-7.1000
2013-04-11,3.2503,-2.7100
2013-04-10,3.2774,5.3800
2013-04-09,3.2236,-6.6300
2013-04-08,3.2899,328.9900
2013-04-03,3.4579,10.6700
2013-04-02,3.3512,7.8500
2013-04-01,3.2727,-32.0400
2013-03-29,3.5931,24.8200
2013-03-28,3.3449,3.1300
2013-03-27,3.3136,0.6700
2013-03-26,3.3069,-1.8200
2013-03-25,3.3251,-22.2400
2013-03-22,3.5475,13.8300
2013-03-21,3.4092,-11.8500
2013-03-20,3.5278,25.8800
2013-03-19,3.2689,0.2200
2013-03-18,3.2668,-4.1600
2013-03-15,3.3084,0.6700
2013-03-14,3.3017,-3.8300
2013-03-13,3.3400,-12.8800
2013-03-12,3.4688,8.6500
2013-03-11,3.3823,-3.5300
2013-03-08,3.4176,-12.7600
2013-03-07,3.5452,-4.9100
2013-03-06,3.5943,-5.2000
2013-03-05,3.6463,-27.3200
2013-03-04,3.9195,-38.0500
2013-03-01,4.3000,-28.0000
2013-02-28,4.5800,41.5700
2013-02-27,4.1643,-32.3900
2013-02-26,4.4882,121.6900
2013-02-25,3.2713,-2.4200
2013-02-22,3.2955,8.2000
2013-02-21,3.2134,-8.6600
2013-02-20,3.3000,0.0000
2013-02-19,3.3000,-24.1100
2013-02-18,3.5411,-0.8900
2013-02-17,3.5500,-17.5100
2013-02-16,3.7251,372.5100
2013-02-06,4.2728,8.1800
2013-02-05,4.1910,-1.8600
2013-02-04,4.2097,-9.9400
2013-02-01,4.3091,11.0100
2013-01-31,4.1990,18.8000
2013-01-30,4.0110,-5.5000
2013-01-29,4.0660,1.7100
2013-01-28,4.0489,14.9500
2013-01-25,3.8995,24.6200
2013-01-24,3.6533,6.4300
2013-01-23,3.5890,-27.9800
2013-01-22,3.8688,9.9200
2013-01-21,3.7696,-10.2800
2013-01-18,3.8724,23.2800
2013-01-17,3.6395,-7.0900
2013-01-16,3.7104,6.5100
2013-01-15,3.6454,-26.0500
2013-01-14,3.9059,2.5900
2013-01-11,3.8800,18.0000
2013-01-10,3.7000,-37.7800
2013-01-09,4.0778,4.5000
2013-01-08,4.0327,-22.9300
2013-01-07,4.2620,24.2000
2013-01-06,4.0200,0.3500
2013-01-05,4.0165,-20.5700
2013-01-04,4.2222,422.2200
